{"loss": [1.8383102416992188, 1.405783772468567, 1.2036268711090088, 1.0651066303253174, 0.9666103720664978, 0.8776434659957886, 0.8079631924629211, 0.7521293759346008, 0.7106187343597412, 0.6593960523605347, 0.6269833445549011, 0.57953280210495, 0.5536230206489563, 0.533073902130127, 0.49964314699172974, 0.4772888422012329, 0.46439898014068604, 0.4460051953792572, 0.42625975608825684, 0.41885173320770264], "accuracy": [0.3372250497341156, 0.4979131519794464, 0.5720812082290649, 0.6205301880836487, 0.6564579606056213, 0.6891427040100098, 0.7170896530151367, 0.7362380027770996, 0.7545685172080994, 0.7729836702346802, 0.7850536108016968, 0.8005922436714172, 0.8133389949798584, 0.821122407913208, 0.8311618566513062, 0.8399887084960938, 0.8457698822021484, 0.8502538204193115, 0.8573604226112366, 0.8605188727378845], "val_loss": [1.2674154043197632, 1.0485495328903198, 1.1666436195373535, 0.7802920937538147, 0.7466027140617371, 0.6390928030014038, 0.5810108184814453, 0.5820152759552002, 0.5210907459259033, 0.48367395997047424, 0.5462261438369751, 0.407850444316864, 0.42127907276153564, 0.3802200257778168, 0.33216729760169983, 0.34579482674598694, 0.36616677045822144, 0.3162020742893219, 0.379864901304245, 0.26893332600593567], "val_accuracy": [0.5965079069137573, 0.637936532497406, 0.6157143115997314, 0.7311111092567444, 0.7328571677207947, 0.7830158472061157, 0.7980952262878418, 0.7987301349639893, 0.8149206638336182, 0.8352380990982056, 0.8144444227218628, 0.858730137348175, 0.8563492298126221, 0.8682539463043213, 0.8960317373275757, 0.8904761672019958, 0.8776190280914307, 0.8995237946510315, 0.8774603009223938, 0.9144444465637207]}