{"loss": [1.717094898223877, 1.220160961151123, 1.0199965238571167, 0.8928672671318054, 0.80666583776474, 0.7449142932891846, 0.6966193318367004, 0.677252471446991, 0.6298871636390686, 0.6166031360626221, 0.5860887169837952, 0.5496139526367188, 0.5392171144485474, 0.5143102407455444, 0.49850139021873474, 0.4737165868282318, 0.46099427342414856, 0.4441867470741272, 0.43461036682128906, 0.4157896339893341], "accuracy": [0.382394939661026, 0.5569506883621216, 0.6366716623306274, 0.6801860332489014, 0.7160936594009399, 0.7398439049720764, 0.7586779594421387, 0.7668161392211914, 0.7820959687232971, 0.7862481474876404, 0.7960804104804993, 0.8111277222633362, 0.8139843940734863, 0.8264408111572266, 0.8333831429481506, 0.8408570289611816, 0.847367525100708, 0.8538448810577393, 0.8559707403182983, 0.8617505431175232], "val_loss": [1.1890325546264648, 0.8917694091796875, 0.8216924667358398, 0.7437074780464172, 0.6305720806121826, 0.5946182608604431, 0.5598659515380859, 0.5472846627235413, 0.4869461953639984, 0.4944472312927246, 0.49442729353904724, 0.43738940358161926, 0.4272155463695526, 0.43335452675819397, 0.3816812336444855, 0.3655954897403717, 0.36326339840888977, 0.36302658915519714, 0.36723750829696655, 0.33953770995140076], "val_accuracy": [0.581325888633728, 0.6754435300827026, 0.7051354050636292, 0.7406162619590759, 0.785060703754425, 0.7932773232460022, 0.8070961833000183, 0.8130719065666199, 0.8358543515205383, 0.8347339034080505, 0.8295051455497742, 0.8567693829536438, 0.8541550040245056, 0.8524743318557739, 0.8724556565284729, 0.8814192414283752, 0.8860877752304077, 0.886274516582489, 0.8724556565284729, 0.8894491195678711]}